<?xml version="1.0" encoding="utf-8"?>
<component name="leftMarkUpGridListItemComponent" extends="Group">
    <interface>
        <field id="itemContent" type="node" onChange="setContent" />
    </interface>
    <script type="text/brightscript" uri="leftMarkUpGridListItemComponent.brs" />
    <children>
        <Group id="markUpGridItemContents">
            <poster id="iconUri" translation="[0,0]"/>
            <Label id="name" translation="[80, 25]" />
        </Group>
    </children>
</component>