<?xml version="1.0" encoding="utf-8"?>
<component name="ifUserLoggedInComponent" extends="commonFields" initialFocus="playButton" >

  <children>
    
    <Rectangle width="1920" height="1080" color="#000000">
      <Rectangle id="markUpGridBackground" width="100" height="1080" color="#999999" translation="[0,0]">
        <group translation="[0,0]">
          <MarkupGrid
          translation="[10,100]"
          vertFocusAnimationStyle="floatingFocus"
          numColumns="1"
          numRows="5"
          id="leftMarkUpGridList" 
          itemComponentName="leftMarkUpGridListItemComponent" 
          itemSpacing="[0, 20]"  
          itemSize = "[ 70, 70 ]"/>
          <Animation 
            id = "leftMarkUpGridListAnimation" 
            duration = "0.5" 
            easeFunction = "linear" >
            <Vector2DFieldInterpolator 
              key = "[ 0.0, 0.5, 1.0 ]" 
              keyValue = "[ [ 70, 70 ], [100,70], [180, 70] ]" 
              fieldToInterp = "leftMarkUpGridList.itemSize" />
          </Animation>

          <Animation 
              id = "leftMarkUpGridListAnimationWhenUnfocused" 
              duration = "0.5" 
              easeFunction = "linear" >
              <Vector2DFieldInterpolator 
                key = "[ 0.0, 0.5, 1.0 ]" 
                keyValue = "[ [180, 70], [100,70], [ 70, 70 ]]" 
                fieldToInterp = "leftMarkUpGridList.itemSize"
              />
          </Animation>

          <Animation 
            id = "markUpGridBackgroundWhenFocused" 
            duration = "0.5" 
            easeFunction = "linear" >
            <FloatFieldInterpolator 
              key = "[ 0.0, 0.5, 1.0 ]" 
              keyValue = "[ [90], [120], [200] ]" 
              fieldToInterp = "markUpGridBackground.width"
            />
          </Animation>

          <Animation 
              id = "markUpGridBackgroundWhenUnfocused"
              duration = "0.5" 
              easeFunction = "linear" >
              <FloatFieldInterpolator 
                key = "[ 0.0, 0.5, 1.0 ]" 
                keyValue = "[ [200], [120], [90] ]" 
                fieldToInterp = "markUpGridBackground.width"
              />
          </Animation>
        </group>
      </Rectangle>
      <Button id="playButton" minWidth="50" maxWidth="100" text="Play" translation="[580, 350]" focusedIconUri=" " iconUri=" " />
    </Rectangle>
  </children>

  <script type="text/brightscript" uri="pkg:/components/loggedInComponent.brs" />
</component>